[
  {
    "organisation": "Better / GLL (Greenwich Leisure Limited)",
    "organisation_website": "https://www.better.org.uk",
    "venues": [
      {
        "venue_name": "Swiss Cottage Leisure Centre",
        "slug": "swiss-cottage-leisure-centre",
        "location": {
          "postcode": "NW3 3NF",
          "latitude": "51.5424",
          "longitude": "-0.173416"
        }
      },
      {
        "venue_name": "Kensington Leisure Centre",
        "slug": "kensington-leisure-centre",
        "location": {
          "postcode": "W10 6EX",
          "latitude": "51.5114309",
          "longitude": "-0.2121396"
        }
      },
      {
        "venue_name": "Finsbury Leisure Centre",
        "slug": "finsbury-leisure-centre",
        "location": {
          "postcode": "EC1V 3PU",
          "latitude": "51.5261266",
          "longitude": "-0.0951542"
        }
      },
      {
        "venue_name": "Britannia Leisure Centre",
        "slug": "britannia-leisure-centre",
        "location": {
          "postcode": "N1 5FT",
          "latitude": "51.534244152029",
          "longitude": "-0.082955257571105"
        }
      },
      {
        "venue_name": "Queensbridge Sports And Community",
        "slug": "queensbridge-sports-community-centre",
        "location": {
          "postcode": "E8 3XW",
          "latitude": "51.542135",
          "longitude": "-0.071475"
        }
      },
      {
        "venue_name": "Kings Hall Leisure Centre",
        "slug": "kings-hall-leisure-centre",
        "location": {
          "postcode": "E5 0NU",
          "latitude": "51.5513595",
          "longitude": "-0.0524287"
        }
      },
      {
        "venue_name": "Clissold Leisure Centre",
        "slug": "clissold-leisure-centre",
        "location": {
          "postcode": "N16 9EX",
          "latitude": "51.5579",
          "longitude": "-0.084595"
        }
      },
      {
        "venue_name": "Talacre Community Sports Centre",
        "slug": "talacre-community-sports-centre",
        "location": {
          "postcode": "NW5 3AF",
          "latitude": "51.547056",
          "longitude": "-0.147121"
        }
      },
      {
        "venue_name": "Leytonstone Leisure Centre",
        "slug": "leytonstone-leisure-centre",
        "location": {
          "postcode": "E11 4LA",
          "latitude": "51.5604",
          "longitude": "0.003602"
        }
      },
      {
        "venue_name": "Walthamstow Leisure Centre",
        "slug": "walthamstow-leisure-centre",
        "location": {
          "postcode": "E178RN",
          "latitude": "51.5758",
          "longitude": "-0.02884"
        }
      },
      {
        "venue_name": "Crystal Palace National Sports Centre",
        "slug": "crystal-palace-leisure-centre",
        "location": {
          "postcode": "SE192BB",
          "latitude": "51.4189989",
          "longitude": "-0.0677686"
        }
      },
      {
        "venue_name": "Phoenix Fitness Centre",
        "slug": "phoenix-fitness-centre-and-janet-adegoke-swimming-pool",
        "location": {
          "postcode": "W12 7DB",
          "latitude": "51.5127",
          "longitude": "-0.23535"
        }
      },
      {
        "venue_name": "Waltham Forest Feel Good Centre",
        "slug": "waltham-forest-feel-good-centre",
        "location": {
          "postcode": "E17 5AA",
          "latitude": "51.5955114",
          "longitude": "-0.0137085"
        }
      },
      {
        "venue_name": "Copper Box Arena",
        "slug": "copper-box-arena",
        "location": {
          "postcode": "E20 3HB",
          "latitude": "51.5446",
          "longitude": "-0.021522"
        }
      },
      {
        "venue_name": "Hendon Leisure Centre",
        "slug": "hendon-leisure-centre",
        "location": {
          "postcode": "NW2 1XQ",
          "latitude": "51.5739526",
          "longitude": "-0.2155321"
        }
      },
      {
        "venue_name": "Gunnersbury Park Sports Hub",
        "slug": "gunnersbury-park-sports-hub",
        "location": {
          "postcode": "W3 8LQ",
          "latitude": "51.500481",
          "longitude": "-0.28953"
        }
      },
      {
        "venue_name": "Canons Leisure Centre",
        "slug": "canons-leisure-centre",
        "location": {
          "postcode": "CR4 4HD",
          "latitude": "51.3997",
          "longitude": "-0.161339"
        }
      },
      {
        "venue_name": "The Plumstead Centre",
        "slug": "the-plumstead-centre",
        "location": {
          "postcode": "CR4 4HD",
          "latitude": "51.39959",
          "longitude": "-0.161533"
        }
      },
      {
        "venue_name": "Waterfront Leisure Centre",
        "slug": "waterfront-leisure-centre",
        "location": {
          "postcode": "SE18 6DL",
          "latitude": "51.494047",
          "longitude": "0.063403"
        }
      },
      {
        "venue_name": "Barking Sporthouse and Gym",
        "slug": "barking-sporthouse-and-gym",
        "location": {
          "postcode": "RM8 2JR",
          "latitude": "51.545368",
          "longitude": "0.113014"
        }
      },
      {
        "venue_name": "East Ham Leisure Centre",
        "slug": "east-ham-leisure-cente",
        "location": {
          "postcode": "E6 2RT",
          "latitude": "51.533443",
          "longitude": "0.058953"
        }
      },
      {
        "venue_name": "Newham Leisure Centre",
        "slug": "newham-leisure-centre",
        "location": {
          "postcode": "E13 8SD",
          "latitude": "51.5196997336241",
          "longitude": "0.037804863874695845"
        }
      },
      {
        "venue_name": "Thornton Heath Leisure Centre",
        "slug": "thornton-heath-leisure-centre",
        "location": {
          "postcode": "CR7 8LF",
          "latitude": "51.399032",
          "longitude": "-0.096946"
        }
      },
      {
        "venue_name": "New Addington Leisure & Community Centre",
        "slug": "new-addington-leisure-centre",
        "location": {
          "postcode": "CR0 0JB",
          "latitude": "51.340679",
          "longitude": "-0.016029"
        }
      }
    ]
  },
  {
    "organisation": "Be Well (Tower Hamlets)",
    "organisation_website": "https://be-well.org.uk/",
    "venues":[
      {
        "venue_name": "John Orwell Sports Centre",
        "slug": "john-orwell",
        "location": {
          "postcode": "E1W 2QD",
          "latitude": "51.5049",
          "longitude": "-0.061617"
        }
      },
      {
        "venue_name": "Whitechapel Sports Centre",
        "slug": "whitechapel-sports-centre",
        "location": {
          "postcode": "E1 5BA",
          "latitude": "51.5199",
          "longitude": "-0.060763"
        }
      },
      {
        "venue_name": "Poplar Leisure Centre",
        "slug": "poplar-baths-leisure-centre",
        "location": {
          "postcode": "E14 0ED",
          "latitude": "51.511139",
          "longitude": "-0.014445"
        }
      },
      {
        "venue_name": "Mile End Park Leisure Centre",
        "slug": "mile-end-park-leisure-centre",
        "location": {
          "postcode": "E3 4HL",
          "latitude": "51.5193",
          "longitude": "-0.032319"
        }
      }
    ]
  },
  {
    "organisation": "CitySport - City University London",
    "organisation_website": "https://citysport.org.uk",
    "venues":[
      {
        "venue_name": "CitySport - City University London",
        "slug": "citysport",
        "location": {
          "postcode": "EC1V 7DP",
          "latitude": "51.524709",
          "longitude": "-0.099123"
        }
      }
    ]
  }
]